ts,oi
2020-02-27 00:00:00,176268515
2020-02-28 00:00:00,161745430
2020-02-29 00:00:00,181309262
2020-03-01 00:00:00,180784983
2020-03-02 00:00:00,182010652
2020-03-03 00:00:00,176903553
2020-03-04 00:00:00,176218564
2020-03-05 00:00:00,183792561
2020-03-06 00:00:00,196335499
2020-03-07 00:00:00,213042602
2020-03-08 00:00:00,205666002
2020-03-09 00:00:00,154304758
2020-03-10 00:00:00,157688960
2020-03-11 00:00:00,149709228
2020-03-12 00:00:00,158060289
2020-03-13 00:00:00,72890200
2020-03-14 00:00:00,78963524
2020-03-15 00:00:00,77825593
2020-03-16 00:00:00,84955154
2020-03-17 00:00:00,86367906
2020-03-18 00:00:00,95658407
2020-03-19 00:00:00,108380175
2020-03-20 00:00:00,119400103
2020-03-21 00:00:00,94194428
2020-03-22 00:00:00,110512651
2020-03-23 00:00:00,115004240
2020-03-24 00:00:00,119834072
2020-03-25 00:00:00,120574876
2020-03-26 00:00:00,122599045
2020-03-27 00:00:00,132733971
2020-03-28 00:00:00,131793704
2020-03-29 00:00:00,142033734
2020-03-30 00:00:00,142804391
2020-03-31 00:00:00,148881522
2020-04-01 00:00:00,169023100
2020-04-02 00:00:00,172779009
2020-04-03 00:00:00,149725324
2020-04-04 00:00:00,150250781
2020-04-05 00:00:00,160519537
2020-04-06 00:00:00,167154127
2020-04-07 00:00:00,217354870
2020-04-08 00:00:00,185908821
2020-04-09 00:00:00,193764633
2020-04-10 00:00:00,203563852
2020-04-11 00:00:00,197366306
2020-04-12 00:00:00,199620673
2020-04-13 00:00:00,201661429
2020-04-14 00:00:00,202725658
2020-04-15 00:00:00,216332576
2020-04-16 00:00:00,237201182
2020-04-17 00:00:00,217040558
2020-04-18 00:00:00,224110677
2020-04-19 00:00:00,242970419
2020-04-20 00:00:00,236487735
2020-04-21 00:00:00,232851730
2020-04-22 00:00:00,238018022
2020-04-23 00:00:00,251223449
2020-04-24 00:00:00,213495856
2020-04-25 00:00:00,209127429
2020-04-26 00:00:00,211920767
2020-04-27 00:00:00,222550092
2020-04-28 00:00:00,229902943
2020-04-29 00:00:00,241122039
2020-04-30 00:00:00,236417436
2020-05-01 00:00:00,241684918
2020-05-02 00:00:00,268630720
2020-05-03 00:00:00,267102732
2020-05-04 00:00:00,293914476
2020-05-05 00:00:00,275655972
2020-05-06 00:00:00,284092677
2020-05-07 00:00:00,309381812
2020-05-08 00:00:00,330572241
2020-05-09 00:00:00,338412989
2020-05-10 00:00:00,383055335
2020-05-11 00:00:00,220955008
2020-05-12 00:00:00,220696491
2020-05-13 00:00:00,225793340
2020-05-14 00:00:00,271782421
2020-05-15 00:00:00,289107870
2020-05-16 00:00:00,292572978
2020-05-17 00:00:00,301836531
2020-05-18 00:00:00,305200078
2020-05-19 00:00:00,314654957
2020-05-20 00:00:00,307675644
2020-05-21 00:00:00,315970186
2020-05-22 00:00:00,298623389
2020-05-23 00:00:00,318770148
2020-05-24 00:00:00,312937960
2020-05-25 00:00:00,293435782
2020-05-26 00:00:00,309700685
2020-05-27 00:00:00,312724583
2020-05-28 00:00:00,342634605
2020-05-29 00:00:00,340064577
2020-05-30 00:00:00,348060953
2020-05-31 00:00:00,325721015
2020-06-01 00:00:00,327522738
2020-06-02 00:00:00,331536814
2020-06-03 00:00:00,243726928
2020-06-04 00:00:00,267492938
2020-06-05 00:00:00,286124142
2020-06-06 00:00:00,286812547
2020-06-07 00:00:00,287747765
2020-06-08 00:00:00,290603802
2020-06-09 00:00:00,304472391
2020-06-10 00:00:00,293970087
2020-06-11 00:00:00,294615331
2020-06-12 00:00:00,299141881
2020-06-13 00:00:00,290064938
2020-06-14 00:00:00,287716684
2020-06-15 00:00:00,299025335
2020-06-16 00:00:00,328571274
2020-06-17 00:00:00,318789133
2020-06-18 00:00:00,322102748
2020-06-19 00:00:00,333570440
2020-06-20 00:00:00,339445686
2020-06-21 00:00:00,340716735
2020-06-22 00:00:00,338406850
2020-06-23 00:00:00,350410679
2020-06-24 00:00:00,383455972
2020-06-25 00:00:00,362701868
2020-06-26 00:00:00,342171521
2020-06-27 00:00:00,355806337
2020-06-28 00:00:00,370551882
2020-06-29 00:00:00,374373984
2020-06-30 00:00:00,375428319
2020-07-01 00:00:00,379356178
2020-07-02 00:00:00,383385827
2020-07-03 00:00:00,371527467
2020-07-04 00:00:00,368512076
2020-07-05 00:00:00,373137815
2020-07-06 00:00:00,364907890
2020-07-07 00:00:00,393317062
2020-07-08 00:00:00,390948609
2020-07-09 00:00:00,418274678
2020-07-10 00:00:00,384766642
2020-07-11 00:00:00,380286033
2020-07-12 00:00:00,376595527
2020-07-13 00:00:00,372802117
2020-07-14 00:00:00,384791000
2020-07-15 00:00:00,374158000
2020-07-16 00:00:00,388806916
2020-07-17 00:00:00,404149372
2020-07-18 00:00:00,409168756
2020-07-19 00:00:00,399063376
2020-07-20 00:00:00,402869858
2020-07-21 00:00:00,389016867
2020-07-22 00:00:00,436014868
2020-07-23 00:00:00,417235353
2020-07-24 00:00:00,411455261
2020-07-25 00:00:00,401457138
2020-07-26 00:00:00,412491115
2020-07-27 00:00:00,369954398
2020-07-28 00:00:00,401990935
2020-07-29 00:00:00,395421303
2020-07-30 00:00:00,427290320
2020-07-31 00:00:00,431359649
2020-08-01 00:00:00,447307202
2020-08-02 00:00:00,481571394
2020-08-03 00:00:00,349966487
2020-08-04 00:00:00,359162925
2020-08-05 00:00:00,363050299
2020-08-06 00:00:00,413235346
2020-08-07 00:00:00,427617650
2020-08-08 00:00:00,376622287
2020-08-09 00:00:00,397691081
2020-08-10 00:00:00,405448216
2020-08-11 00:00:00,410345197
2020-08-12 00:00:00,412602310
2020-08-13 00:00:00,412640178
2020-08-14 00:00:00,408919031
2020-08-15 00:00:00,398752340
2020-08-16 00:00:00,415189029
2020-08-17 00:00:00,423026061
2020-08-18 00:00:00,445410178
2020-08-19 00:00:00,453614210
2020-08-20 00:00:00,425998010
2020-08-21 00:00:00,420392387
2020-08-22 00:00:00,395441944
2020-08-23 00:00:00,389547314
2020-08-24 00:00:00,391296696
2020-08-25 00:00:00,413884409
2020-08-26 00:00:00,425349870
2020-08-27 00:00:00,404606739
2020-08-28 00:00:00,408445120
2020-08-29 00:00:00,421296691
2020-08-30 00:00:00,420247195
2020-08-31 00:00:00,437708252
2020-09-01 00:00:00,456513587
2020-09-02 00:00:00,475245980
2020-09-03 00:00:00,422856962
2020-09-04 00:00:00,305991190
2020-09-05 00:00:00,331236183
2020-09-06 00:00:00,328215096
2020-09-07 00:00:00,344038474
2020-09-08 00:00:00,356759052
2020-09-09 00:00:00,354636205
2020-09-10 00:00:00,357217702
2020-09-11 00:00:00,357038039
2020-09-12 00:00:00,356555593
2020-09-13 00:00:00,355604613
2020-09-14 00:00:00,355009625
2020-09-15 00:00:00,361747114
2020-09-16 00:00:00,371411270
2020-09-17 00:00:00,398207102
2020-09-18 00:00:00,377143641
2020-09-19 00:00:00,373187817
2020-09-20 00:00:00,400262014
2020-09-21 00:00:00,398625862
2020-09-22 00:00:00,390410714
2020-09-23 00:00:00,399240596
2020-09-24 00:00:00,417739796
2020-09-25 00:00:00,397169996
2020-09-26 00:00:00,392220637
2020-09-27 00:00:00,404931101
2020-09-28 00:00:00,403905286
2020-09-29 00:00:00,353014475
2020-09-30 00:00:00,382180820
2020-10-01 00:00:00,386257674
2020-10-02 00:00:00,377557581
2020-10-03 00:00:00,392882926
2020-10-04 00:00:00,394475395
2020-10-05 00:00:00,397187530
2020-10-06 00:00:00,427677246
2020-10-07 00:00:00,394573938
2020-10-08 00:00:00,404964997
2020-10-09 00:00:00,423234967
2020-10-10 00:00:00,431611644
2020-10-11 00:00:00,434124292
2020-10-12 00:00:00,447734750
2020-10-13 00:00:00,431269804
2020-10-14 00:00:00,425069586
2020-10-15 00:00:00,413391903
2020-10-16 00:00:00,422445593
2020-10-17 00:00:00,426567411
2020-10-18 00:00:00,417398537
2020-10-19 00:00:00,441307261
2020-10-20 00:00:00,484888521
2020-10-21 00:00:00,538060651
2020-10-22 00:00:00,574518396
2020-10-23 00:00:00,601284971
2020-10-24 00:00:00,602559875
2020-10-25 00:00:00,639527065
2020-10-26 00:00:00,576897504
2020-10-27 00:00:00,580279510
2020-10-28 00:00:00,649537829
2020-10-29 00:00:00,558491173
2020-10-30 00:00:00,613575657
2020-10-31 00:00:00,644459313
2020-11-01 00:00:00,683675490
2020-11-02 00:00:00,679351821
2020-11-03 00:00:00,649431589
2020-11-04 00:00:00,685954572
2020-11-05 00:00:00,695654367
2020-11-06 00:00:00,716783746
2020-11-07 00:00:00,686058486
2020-11-08 00:00:00,582341631
2020-11-09 00:00:00,640733124
2020-11-10 00:00:00,602352239
2020-11-11 00:00:00,597993541
2020-11-12 00:00:00,651611859
2020-11-13 00:00:00,701741547
2020-11-14 00:00:00,690704935
2020-11-15 00:00:00,671101861
2020-11-16 00:00:00,671363830
2020-11-17 00:00:00,724301405
2020-11-18 00:00:00,748833979
2020-11-19 00:00:00,694432746
2020-11-20 00:00:00,716628418
2020-11-21 00:00:00,737377319
2020-11-22 00:00:00,795829858
2020-11-23 00:00:00,774689063
2020-11-24 00:00:00,728950411
2020-11-25 00:00:00,854326195
2020-11-26 00:00:00,838452257
2020-11-27 00:00:00,603380282
2020-11-28 00:00:00,605747061
2020-11-29 00:00:00,629610025
2020-11-30 00:00:00,649468831
2020-12-01 00:00:00,735918989
2020-12-02 00:00:00,709960411
2020-12-03 00:00:00,674165342
2020-12-04 00:00:00,760867167
2020-12-05 00:00:00,729989966
2020-12-06 00:00:00,738525419
2020-12-07 00:00:00,748839423
2020-12-08 00:00:00,762911220
2020-12-09 00:00:00,779227809
2020-12-10 00:00:00,723619515
2020-12-11 00:00:00,725509353
2020-12-12 00:00:00,736993167
2020-12-13 00:00:00,734211672
2020-12-14 00:00:00,777631281
2020-12-15 00:00:00,782320826
2020-12-16 00:00:00,819297371
2020-12-17 00:00:00,859818325
2020-12-18 00:00:00,877692308
2020-12-19 00:00:00,882884167
2020-12-20 00:00:00,957942210
2020-12-21 00:00:00,951202077
2020-12-22 00:00:00,851176270
2020-12-23 00:00:00,912375261
2020-12-24 00:00:00,810756393
2020-12-25 00:00:00,763971333
2020-12-26 00:00:00,891011553
2020-12-27 00:00:00,961430010
2020-12-28 00:00:00,909381696
2020-12-29 00:00:00,914074116
2020-12-30 00:00:00,915079231
2020-12-31 00:00:00,1020513820
2021-01-01 00:00:00,1025203374
2021-01-02 00:00:00,1104874084
2021-01-03 00:00:00,1275519475
2021-01-04 00:00:00,1169506040
2021-01-05 00:00:00,942463368
2021-01-06 00:00:00,938801143
2021-01-07 00:00:00,988822094
2021-01-08 00:00:00,1119405738
2021-01-09 00:00:00,1167684046
2021-01-10 00:00:00,1277574806
2021-01-11 00:00:00,1223438012
2021-01-12 00:00:00,877601196
2021-01-13 00:00:00,917701074
2021-01-14 00:00:00,927250906
2021-01-15 00:00:00,1086364425
2021-01-16 00:00:00,1146632397
2021-01-17 00:00:00,1044231007
2021-01-18 00:00:00,962854938
2021-01-19 00:00:00,1061730848
2021-01-20 00:00:00,1023268167
2021-01-21 00:00:00,1049632228
2021-01-22 00:00:00,917821568
2021-01-23 00:00:00,881778999
2021-01-24 00:00:00,846412946
2021-01-25 00:00:00,875467427
2021-01-26 00:00:00,889659867
2021-01-27 00:00:00,901168945
2021-01-28 00:00:00,879560806
2021-01-29 00:00:00,1005518122
2021-01-30 00:00:00,999914144
2021-01-31 00:00:00,1033590753
2021-02-01 00:00:00,1039220288
2021-02-02 00:00:00,987496687
2021-02-03 00:00:00,1063862416
2021-02-04 00:00:00,1099259720
2021-02-05 00:00:00,1064887477
2021-02-06 00:00:00,1157347289
2021-02-07 00:00:00,1339676917
2021-02-08 00:00:00,1225564465
2021-02-09 00:00:00,1645248944
2021-02-10 00:00:00,1581015040
2021-02-11 00:00:00,1471006848
2021-02-12 00:00:00,1721482071
2021-02-13 00:00:00,1670298116
2021-02-14 00:00:00,1586250620
2021-02-15 00:00:00,1811110787
2021-02-16 00:00:00,1654162763
2021-02-17 00:00:00,1705776364
2021-02-18 00:00:00,1963733690
2021-02-19 00:00:00,1818941335
2021-02-20 00:00:00,1978452144
2021-02-21 00:00:00,1847119282
2021-02-22 00:00:00,1900065626
2021-02-23 00:00:00,1569599316
2021-02-24 00:00:00,1271805000
2021-02-25 00:00:00,1362856054
2021-02-26 00:00:00,1359031898
2021-02-27 00:00:00,1258211959
2021-02-28 00:00:00,1269795483
2021-03-01 00:00:00,1334305946
2021-03-02 00:00:00,1430030968
2021-03-03 00:00:00,1393048944
2021-03-04 00:00:00,1455896380
2021-03-05 00:00:00,1425874789
2021-03-06 00:00:00,1436332602
2021-03-07 00:00:00,1451521820
2021-03-08 00:00:00,1553216939
2021-03-09 00:00:00,1591478582
2021-03-10 00:00:00,1808718852
2021-03-11 00:00:00,1879561594
2021-03-12 00:00:00,1915767604
2021-03-13 00:00:00,1909196175
2021-03-14 00:00:00,2239326428
2021-03-15 00:00:00,2231021136
2021-03-16 00:00:00,1833387576
2021-03-17 00:00:00,1911331802
2021-03-18 00:00:00,1921426924
2021-03-19 00:00:00,1964635386
2021-03-20 00:00:00,1933171146
2021-03-21 00:00:00,1965839440
2021-03-22 00:00:00,1901862989
2021-03-23 00:00:00,1944186248
2021-03-24 00:00:00,1897107937
2021-03-25 00:00:00,1935826393
2021-03-26 00:00:00,1800174798
2021-03-27 00:00:00,1826339718
2021-03-28 00:00:00,1790847902
2021-03-29 00:00:00,1811163286
2021-03-30 00:00:00,2044285182
2021-03-31 00:00:00,2001272159
2021-04-01 00:00:00,2037825989
2021-04-02 00:00:00,2001450131
2021-04-03 00:00:00,2078783335
2021-04-04 00:00:00,2087209937
2021-04-05 00:00:00,1949899830
2021-04-06 00:00:00,2016964698
2021-04-07 00:00:00,2002891150
2021-04-08 00:00:00,2003544118
2021-04-09 00:00:00,1964521817
2021-04-10 00:00:00,1884228808
2021-04-11 00:00:00,2146359699
2021-04-12 00:00:00,2070548215
2021-04-13 00:00:00,2147537695
2021-04-14 00:00:00,2446728459
2021-04-15 00:00:00,2310323122
2021-04-16 00:00:00,2288035618
2021-04-17 00:00:00,2136057764
2021-04-18 00:00:00,2118109052
2021-04-19 00:00:00,1591606123
2021-04-20 00:00:00,1510756311
2021-04-21 00:00:00,1591333616
2021-04-22 00:00:00,1539743112
2021-04-23 00:00:00,1618724937
2021-04-24 00:00:00,1646373764
2021-04-25 00:00:00,1680580804
2021-04-26 00:00:00,1604707465
2021-04-27 00:00:00,1526474249
2021-04-28 00:00:00,1527436268
2021-04-29 00:00:00,1559830328
2021-04-30 00:00:00,1625731617
2021-05-01 00:00:00,1844638470
2021-05-02 00:00:00,1880923836
2021-05-03 00:00:00,1883597082
2021-05-04 00:00:00,1994685189
2021-05-05 00:00:00,1798140930
2021-05-06 00:00:00,1793409630
2021-05-07 00:00:00,1877620743
2021-05-08 00:00:00,1818748098
2021-05-09 00:00:00,1941602333
2021-05-10 00:00:00,1853265143
2021-05-11 00:00:00,1833812713
2021-05-12 00:00:00,1821418702
2021-05-13 00:00:00,1574241777
2021-05-14 00:00:00,1698106256
2021-05-15 00:00:00,1647708941
2021-05-16 00:00:00,1721038993
2021-05-17 00:00:00,1716468337
2021-05-18 00:00:00,1859969005
2021-05-19 00:00:00,1810244659
2021-05-20 00:00:00,980639197
2021-05-21 00:00:00,1045550675
2021-05-22 00:00:00,1014630716
2021-05-23 00:00:00,1117658250
2021-05-24 00:00:00,1032860428
2021-05-25 00:00:00,1223040896
2021-05-26 00:00:00,1186757852
2021-05-27 00:00:00,1364152419
2021-05-28 00:00:00,1385026730
2021-05-29 00:00:00,1334902136
2021-05-30 00:00:00,1346997359
2021-05-31 00:00:00,1443974198
2021-06-01 00:00:00,1462545131
2021-06-02 00:00:00,1401530521
2021-06-03 00:00:00,1571057559
2021-06-04 00:00:00,1675267699
2021-06-05 00:00:00,1587244966
2021-06-06 00:00:00,1534261059
2021-06-07 00:00:00,1648560474
2021-06-08 00:00:00,1624664261
2021-06-09 00:00:00,1574854431
2021-06-10 00:00:00,1922740530
2021-06-11 00:00:00,1822340671
2021-06-12 00:00:00,1770909944
2021-06-13 00:00:00,1694347026
2021-06-14 00:00:00,1883805638
2021-06-15 00:00:00,2148422993
2021-06-16 00:00:00,2098744394
2021-06-17 00:00:00,2078064113
2021-06-18 00:00:00,2161932776
2021-06-19 00:00:00,2021138742
2021-06-20 00:00:00,1995968370
2021-06-21 00:00:00,1927567543
2021-06-22 00:00:00,1614556479
2021-06-23 00:00:00,1677676555
2021-06-24 00:00:00,1754153442
2021-06-25 00:00:00,1923438071
2021-06-26 00:00:00,1674258138
2021-06-27 00:00:00,1793432496
2021-06-28 00:00:00,1929511506
2021-06-29 00:00:00,1898456839
2021-06-30 00:00:00,2029243691
2021-07-01 00:00:00,1930596989
2021-07-02 00:00:00,1884391100
2021-07-03 00:00:00,1921358674
2021-07-04 00:00:00,2053944090
2021-07-05 00:00:00,2109107899
2021-07-06 00:00:00,2000025302
2021-07-07 00:00:00,1964614659
2021-07-08 00:00:00,1964087023
2021-07-09 00:00:00,2047359859
2021-07-10 00:00:00,2099045708
2021-07-11 00:00:00,2037402296
2021-07-12 00:00:00,2150937910
2021-07-13 00:00:00,2006189753
2021-07-14 00:00:00,2052593587
2021-07-15 00:00:00,1946788833
2021-07-16 00:00:00,2070634477
2021-07-17 00:00:00,1958621592
2021-07-18 00:00:00,2082550325
2021-07-19 00:00:00,2047855067
2021-07-20 00:00:00,2221771834
2021-07-21 00:00:00,2092206976
2021-07-22 00:00:00,2206059584
2021-07-23 00:00:00,2184245318
2021-07-24 00:00:00,2308476954
2021-07-25 00:00:00,2345318966
2021-07-26 00:00:00,2556237584
2021-07-27 00:00:00,1999272423
2021-07-28 00:00:00,2196185738
2021-07-29 00:00:00,2212502528
2021-07-30 00:00:00,2264401594
2021-07-31 00:00:00,2272255563
2021-08-01 00:00:00,2238327946
2021-08-02 00:00:00,1990012675
2021-08-03 00:00:00,2104629142
2021-08-04 00:00:00,2180210807
2021-08-05 00:00:00,2192448550
2021-08-06 00:00:00,2247323762
2021-08-07 00:00:00,2374077644
2021-08-08 00:00:00,2420532141
2021-08-09 00:00:00,2295389467
2021-08-10 00:00:00,2618038769
2021-08-11 00:00:00,2501867638
2021-08-12 00:00:00,2565763153
2021-08-13 00:00:00,2498985108
2021-08-14 00:00:00,2669860985
2021-08-15 00:00:00,2610590018
2021-08-16 00:00:00,2508873715
2021-08-17 00:00:00,2610267451
2021-08-18 00:00:00,2563499358
2021-08-19 00:00:00,2461090188
2021-08-20 00:00:00,2575413184
2021-08-21 00:00:00,2865870852
2021-08-22 00:00:00,2860990316
2021-08-23 00:00:00,2816503112
2021-08-24 00:00:00,3004656095
2021-08-25 00:00:00,3020707700
2021-08-26 00:00:00,2927360615
2021-08-27 00:00:00,2842775122
2021-08-28 00:00:00,2868139678
2021-08-29 00:00:00,2925949738
2021-08-30 00:00:00,2809070168
2021-08-31 00:00:00,2802086379
2021-09-01 00:00:00,2861868502
2021-09-02 00:00:00,2987437886
2021-09-03 00:00:00,3156507047
2021-09-04 00:00:00,3075359263
2021-09-05 00:00:00,2859621656
2021-09-06 00:00:00,3237859080
2021-09-07 00:00:00,3265786664
2021-09-08 00:00:00,2057644999
2021-09-09 00:00:00,2098617232
2021-09-10 00:00:00,2106665678
2021-09-11 00:00:00,2133409478
2021-09-12 00:00:00,2146070704
2021-09-13 00:00:00,2223488841
2021-09-14 00:00:00,2102795015
2021-09-15 00:00:00,2325455694
2021-09-16 00:00:00,2484574146
2021-09-17 00:00:00,2390596125
2021-09-18 00:00:00,2388737033
2021-09-19 00:00:00,2467474835
2021-09-20 00:00:00,2440304628
2021-09-21 00:00:00,2100101842
2021-09-22 00:00:00,1900568922
2021-09-23 00:00:00,1915651103
2021-09-24 00:00:00,2081376414
2021-09-25 00:00:00,1933261456
2021-09-26 00:00:00,1872768916
2021-09-27 00:00:00,1908976766
2021-09-28 00:00:00,1853331135
2021-09-29 00:00:00,1874687811
2021-09-30 00:00:00,1998530274
2021-10-01 00:00:00,2098554690
2021-10-02 00:00:00,2446290917
2021-10-03 00:00:00,2374593611
2021-10-04 00:00:00,2315559134
2021-10-05 00:00:00,2363841237
2021-10-06 00:00:00,2714438393
2021-10-07 00:00:00,2769027145
2021-10-08 00:00:00,2805338724
2021-10-09 00:00:00,2749429369
2021-10-10 00:00:00,2802599696
2021-10-11 00:00:00,2872709228
2021-10-12 00:00:00,3121935878
2021-10-13 00:00:00,2870995154
2021-10-14 00:00:00,2798993761
2021-10-15 00:00:00,2895657752
2021-10-16 00:00:00,3260577925
2021-10-17 00:00:00,3300151221
2021-10-18 00:00:00,3277021877
2021-10-19 00:00:00,3212843609
2021-10-20 00:00:00,3571772961
2021-10-21 00:00:00,3763708466
2021-10-22 00:00:00,3435331986
2021-10-23 00:00:00,3395626064
2021-10-24 00:00:00,3411164865
2021-10-25 00:00:00,3516935126
2021-10-26 00:00:00,3616569434
2021-10-27 00:00:00,3527520470
2021-10-28 00:00:00,3321076831
2021-10-29 00:00:00,3370323539
2021-10-30 00:00:00,3265559841
2021-10-31 00:00:00,3204953903
2021-11-01 00:00:00,3391682281
2021-11-02 00:00:00,3292351687
2021-11-03 00:00:00,3485545995
2021-11-04 00:00:00,3345905317
2021-11-05 00:00:00,3413811831
2021-11-06 00:00:00,3479050724
2021-11-07 00:00:00,3505013930
2021-11-08 00:00:00,3700139545
2021-11-09 00:00:00,4063865385
2021-11-10 00:00:00,4018718848
2021-11-11 00:00:00,3711182885
2021-11-12 00:00:00,3571300517
2021-11-13 00:00:00,3714548347
2021-11-14 00:00:00,3681146308
2021-11-15 00:00:00,3782602129
2021-11-16 00:00:00,3968191007
2021-11-17 00:00:00,3642048405
2021-11-18 00:00:00,3610693618
2021-11-19 00:00:00,3479740553
2021-11-20 00:00:00,3428819324
2021-11-21 00:00:00,3415823050
2021-11-22 00:00:00,3297091086
2021-11-23 00:00:00,3406579260
2021-11-24 00:00:00,3482186282
2021-11-25 00:00:00,3512725370
2021-11-26 00:00:00,3594486423
2021-11-27 00:00:00,3665745911
2021-11-28 00:00:00,3528118236
2021-11-29 00:00:00,3477091900
2021-11-30 00:00:00,3516828445
2021-12-01 00:00:00,3480819098
2021-12-02 00:00:00,3592165740
2021-12-03 00:00:00,3409153614
2021-12-04 00:00:00,3626899185
2021-12-05 00:00:00,2005866708
2021-12-06 00:00:00,1964983577
2021-12-07 00:00:00,1935676527
2021-12-08 00:00:00,2096294337
2021-12-09 00:00:00,2000635358
2021-12-10 00:00:00,2050369596
2021-12-11 00:00:00,1900011716
2021-12-12 00:00:00,1932097622
2021-12-13 00:00:00,2168674452
2021-12-14 00:00:00,2085596973
2021-12-15 00:00:00,1997789714
2021-12-16 00:00:00,2081991961
2021-12-17 00:00:00,2265165166
2021-12-18 00:00:00,2334868072
2021-12-19 00:00:00,2490843902
2021-12-20 00:00:00,2616124994
2021-12-21 00:00:00,2899489375
2021-12-22 00:00:00,3430755205
2021-12-23 00:00:00,3558314912
2021-12-24 00:00:00,3734489088
2021-12-25 00:00:00,3690112600
2021-12-26 00:00:00,3720424512
2021-12-27 00:00:00,3669262245
2021-12-28 00:00:00,3739899900
2021-12-29 00:00:00,3525701870
2021-12-30 00:00:00,3387917052
2021-12-31 00:00:00,3384908193
2022-01-01 00:00:00,3455022353
2022-01-02 00:00:00,3481031244
2022-01-03 00:00:00,3465520268
2022-01-04 00:00:00,3692832592
2022-01-05 00:00:00,3719873852
2022-01-06 00:00:00,3378317881
2022-01-07 00:00:00,3415962662
2022-01-08 00:00:00,3183046473
2022-01-09 00:00:00,3185105414
2022-01-10 00:00:00,3186943789
2022-01-11 00:00:00,3199286579
2022-01-12 00:00:00,3303590550
2022-01-13 00:00:00,3399023301
2022-01-14 00:00:00,3269387530
2022-01-15 00:00:00,3205682641
2022-01-16 00:00:00,3241986296
2022-01-17 00:00:00,3173620854
2022-01-18 00:00:00,3195571221
2022-01-19 00:00:00,3164148604
2022-01-20 00:00:00,3141254681
2022-01-21 00:00:00,3114799459
2022-01-22 00:00:00,2616801865
2022-01-23 00:00:00,2561841233
2022-01-24 00:00:00,2685727127
2022-01-25 00:00:00,2679588981
2022-01-26 00:00:00,2809458596
2022-01-27 00:00:00,2717242680
2022-01-28 00:00:00,2687842640
2022-01-29 00:00:00,2798907789
2022-01-30 00:00:00,2911635323
2022-01-31 00:00:00,2927124248
2022-02-01 00:00:00,3187647976
2022-02-02 00:00:00,3041803141
2022-02-03 00:00:00,2877898072
2022-02-04 00:00:00,2899629841
2022-02-05 00:00:00,3386332340
2022-02-06 00:00:00,3362120357
2022-02-07 00:00:00,3410399223
2022-02-08 00:00:00,3424817939
2022-02-09 00:00:00,3211751614
2022-02-10 00:00:00,3309850931
2022-02-11 00:00:00,3124876019
2022-02-12 00:00:00,3075644200
2022-02-13 00:00:00,3060943403
2022-02-14 00:00:00,3014461913
2022-02-15 00:00:00,3155717600
2022-02-16 00:00:00,3390074347
2022-02-17 00:00:00,3362179675
2022-02-18 00:00:00,3031595660
2022-02-19 00:00:00,2929736599
2022-02-20 00:00:00,3047138285
2022-02-21 00:00:00,2827227334
2022-02-22 00:00:00,2696493365
2022-02-23 00:00:00,2859138387
2022-02-24 00:00:00,2711919751
2022-02-25 00:00:00,2528923873
2022-02-26 00:00:00,2646861541
2022-02-27 00:00:00,2629144620
2022-02-28 00:00:00,2481328765
2022-03-01 00:00:00,2970465593
2022-03-02 00:00:00,3137221746
2022-03-03 00:00:00,3196849124
2022-03-04 00:00:00,3169084020
2022-03-05 00:00:00,2940374574
2022-03-06 00:00:00,2992155075
2022-03-07 00:00:00,2780425194
2022-03-08 00:00:00,2629548652
2022-03-09 00:00:00,2678177799
2022-03-10 00:00:00,3027907249
2022-03-11 00:00:00,2763166733
2022-03-12 00:00:00,2712731038
2022-03-13 00:00:00,2781856428
2022-03-14 00:00:00,2856646174
2022-03-15 00:00:00,2940085215
2022-03-16 00:00:00,2961030730
2022-03-17 00:00:00,3045035422
2022-03-18 00:00:00,3050343481
2022-03-19 00:00:00,3183217513
2022-03-20 00:00:00,3266384386
2022-03-21 00:00:00,3105775367
2022-03-22 00:00:00,2990019468
2022-03-23 00:00:00,3154985226
2022-03-24 00:00:00,3107572887
2022-03-25 00:00:00,3535462473
2022-03-26 00:00:00,3532053152
2022-03-27 00:00:00,3543332191
2022-03-28 00:00:00,3755762076
2022-03-29 00:00:00,3612175927
2022-03-30 00:00:00,3629895264
2022-03-31 00:00:00,3599901145
2022-04-01 00:00:00,3385867969
2022-04-02 00:00:00,3392600395
2022-04-03 00:00:00,3283554291
2022-04-04 00:00:00,3331159795
2022-04-05 00:00:00,3417588788
2022-04-06 00:00:00,3488391226
2022-04-07 00:00:00,3520063100
2022-04-08 00:00:00,3511075981
2022-04-09 00:00:00,3488204529
2022-04-10 00:00:00,3553867517
2022-04-11 00:00:00,3554155282
2022-04-12 00:00:00,3331034840
2022-04-13 00:00:00,3340452205
2022-04-14 00:00:00,3284709856
2022-04-15 00:00:00,3304278819
2022-04-16 00:00:00,3300548684
2022-04-17 00:00:00,3285462490
2022-04-18 00:00:00,3312548897
2022-04-19 00:00:00,3237106291
2022-04-20 00:00:00,3305022058
2022-04-21 00:00:00,3309038538
2022-04-22 00:00:00,3257407603
2022-04-23 00:00:00,3371849724
2022-04-24 00:00:00,3397161863
2022-04-25 00:00:00,3383413543
2022-04-26 00:00:00,3314325918
2022-04-27 00:00:00,3305309201
2022-04-28 00:00:00,3230651506
2022-04-29 00:00:00,3143031228
2022-04-30 00:00:00,3207398952
2022-05-01 00:00:00,3203676073
2022-05-02 00:00:00,3174324416
2022-05-03 00:00:00,3112293370
2022-05-04 00:00:00,3436020757
2022-05-05 00:00:00,3286181352
2022-05-06 00:00:00,3285814226
2022-05-07 00:00:00,3217316811
2022-05-08 00:00:00,3234430978
2022-05-09 00:00:00,3033787063
2022-05-10 00:00:00,2569731587
2022-05-11 00:00:00,2515071263
2022-05-12 00:00:00,2261622720
2022-05-13 00:00:00,2071584134
2022-05-14 00:00:00,2226357410
2022-05-15 00:00:00,2111647056
2022-05-16 00:00:00,2277966725
2022-05-17 00:00:00,2220785681
2022-05-18 00:00:00,2217955951
2022-05-19 00:00:00,2237647957
2022-05-20 00:00:00,2601040677
2022-05-21 00:00:00,2372000564
2022-05-22 00:00:00,2328012826
2022-05-23 00:00:00,2533315156
2022-05-24 00:00:00,2394908583
2022-05-25 00:00:00,2452172831
2022-05-26 00:00:00,2350238627
2022-05-27 00:00:00,2394905712
2022-05-28 00:00:00,2364022289
2022-05-29 00:00:00,2368246432
2022-05-30 00:00:00,2537072032
2022-05-31 00:00:00,2774053356
2022-06-01 00:00:00,2798122422
2022-06-02 00:00:00,2488869794
2022-06-03 00:00:00,2567741113
2022-06-04 00:00:00,2484945280
2022-06-05 00:00:00,2463928963
2022-06-06 00:00:00,2481053154
2022-06-07 00:00:00,3005009111
2022-06-08 00:00:00,2686181907
2022-06-09 00:00:00,2410779384
2022-06-10 00:00:00,2546216833
2022-06-11 00:00:00,2558196146
2022-06-12 00:00:00,2550454684
2022-06-13 00:00:00,2285011835
2022-06-14 00:00:00,1859058439
2022-06-15 00:00:00,1854236366
2022-06-16 00:00:00,1899620290
2022-06-17 00:00:00,1834968782
2022-06-18 00:00:00,1926756102
2022-06-19 00:00:00,1714716220
2022-06-20 00:00:00,1873130590
2022-06-21 00:00:00,1890316579
2022-06-22 00:00:00,1937579226
2022-06-23 00:00:00,1880128833
2022-06-24 00:00:00,2022512561
2022-06-25 00:00:00,2019772220
2022-06-26 00:00:00,2167076818
2022-06-27 00:00:00,2033955392
2022-06-28 00:00:00,1993124781
2022-06-29 00:00:00,2007280289
2022-06-30 00:00:00,1974747876
2022-07-01 00:00:00,1862914289
2022-07-02 00:00:00,1748872634
2022-07-03 00:00:00,1808097312
2022-07-04 00:00:00,1824166546
2022-07-05 00:00:00,2068394326
2022-07-06 00:00:00,2018347606
2022-07-07 00:00:00,2112379341
2022-07-08 00:00:00,2515183169
2022-07-09 00:00:00,2365505800
2022-07-10 00:00:00,2359791976
2022-07-11 00:00:00,2177726262
2022-07-12 00:00:00,2095860300
2022-07-13 00:00:00,2059170480
2022-07-14 00:00:00,2117285905
2022-07-15 00:00:00,2252595736
2022-07-16 00:00:00,2339475654
2022-07-17 00:00:00,2362278769
2022-07-18 00:00:00,2340327557
2022-07-19 00:00:00,2449519255
2022-07-20 00:00:00,2788539511
2022-07-21 00:00:00,2609013855
2022-07-22 00:00:00,2605771580
2022-07-23 00:00:00,2655043830
2022-07-24 00:00:00,2644845344
2022-07-25 00:00:00,2608846475
2022-07-26 00:00:00,2340177420
2022-07-27 00:00:00,2362270255
2022-07-28 00:00:00,2613042357
2022-07-29 00:00:00,2703834152
2022-07-30 00:00:00,2694566599
2022-07-31 00:00:00,2763229271
2022-08-01 00:00:00,2641652273
2022-08-02 00:00:00,2607663772
2022-08-03 00:00:00,2576282052
2022-08-04 00:00:00,2616407636
2022-08-05 00:00:00,2532287213
2022-08-06 00:00:00,2488830595
2022-08-07 00:00:00,2526199464
2022-08-08 00:00:00,2545939088
2022-08-09 00:00:00,2803738040
2022-08-10 00:00:00,2681588822
2022-08-11 00:00:00,2681577208
2022-08-12 00:00:00,2798072678
2022-08-13 00:00:00,2833209705
2022-08-14 00:00:00,2929011450
2022-08-15 00:00:00,2774024821
2022-08-16 00:00:00,2611653156
2022-08-17 00:00:00,2605277162
2022-08-18 00:00:00,2734282013
2022-08-19 00:00:00,2697890906
2022-08-20 00:00:00,2271553909
2022-08-21 00:00:00,2290178071
2022-08-22 00:00:00,2353240112
2022-08-23 00:00:00,2326331158
2022-08-24 00:00:00,2367933889
2022-08-25 00:00:00,2379476540
2022-08-26 00:00:00,2407122326
2022-08-27 00:00:00,2382416282
2022-08-28 00:00:00,2389363322
2022-08-29 00:00:00,2335856109
2022-08-30 00:00:00,2435984584
2022-08-31 00:00:00,2401362213
2022-09-01 00:00:00,2257124926
2022-09-02 00:00:00,2372074842
2022-09-03 00:00:00,2291003641
2022-09-04 00:00:00,2503720661
2022-09-05 00:00:00,2444737754
2022-09-06 00:00:00,2539374361
2022-09-07 00:00:00,2471735763
2022-09-08 00:00:00,2352321280
2022-09-09 00:00:00,2306635080
2022-09-10 00:00:00,2906220121
2022-09-11 00:00:00,2987797570
2022-09-12 00:00:00,3111095180
2022-09-13 00:00:00,3254637594
2022-09-14 00:00:00,2461892176
2022-09-15 00:00:00,2373863752
2022-09-16 00:00:00,2334291646
2022-09-17 00:00:00,2421796557
2022-09-18 00:00:00,2511438143
2022-09-19 00:00:00,2422472262
2022-09-20 00:00:00,2259575459
2022-09-21 00:00:00,2185628879
2022-09-22 00:00:00,2118635073
2022-09-23 00:00:00,2367744112
2022-09-24 00:00:00,2261364902
2022-09-25 00:00:00,2273547964
2022-09-26 00:00:00,2291651980
2022-09-27 00:00:00,2465176032
2022-09-28 00:00:00,2457266795
2022-09-29 00:00:00,2538901801
2022-09-30 00:00:00,2595154977
2022-10-01 00:00:00,2435356487
2022-10-02 00:00:00,2435597675
2022-10-03 00:00:00,2410795138
2022-10-04 00:00:00,2659447834
2022-10-05 00:00:00,3377877975
2022-10-06 00:00:00,3206945208
2022-10-07 00:00:00,3124845369
2022-10-08 00:00:00,2859651558
2022-10-09 00:00:00,2802719784
2022-10-10 00:00:00,2825739319
2022-10-11 00:00:00,2901330713
2022-10-12 00:00:00,2975276908
2022-10-13 00:00:00,2892323878
2022-10-14 00:00:00,2965328642
2022-10-15 00:00:00,2806786278
2022-10-16 00:00:00,2832256378
2022-10-17 00:00:00,2753425269
2022-10-18 00:00:00,3057180626
2022-10-19 00:00:00,2949345221
2022-10-20 00:00:00,2944443487
2022-10-21 00:00:00,2984360796
2022-10-22 00:00:00,2874711025
2022-10-23 00:00:00,2890384041
2022-10-24 00:00:00,3150067348
2022-10-25 00:00:00,2826102238
2022-10-26 00:00:00,3303731129
2022-10-27 00:00:00,3459827105
2022-10-28 00:00:00,3082022787
2022-10-29 00:00:00,3026647574
2022-10-30 00:00:00,3179304890
2022-10-31 00:00:00,2969663936
2022-11-01 00:00:00,2752756631
2022-11-02 00:00:00,2767188798
2022-11-03 00:00:00,2614679779
2022-11-04 00:00:00,2615976389
2022-11-05 00:00:00,3003179411
2022-11-06 00:00:00,3148788026
2022-11-07 00:00:00,2911676725
2022-11-08 00:00:00,2679274398
2022-11-09 00:00:00,2227902558
2022-11-10 00:00:00,2099496567
2022-11-11 00:00:00,2151422255
2022-11-12 00:00:00,2004423419
2022-11-13 00:00:00,1974642440
2022-11-14 00:00:00,1945884467
2022-11-15 00:00:00,1916691586
2022-11-16 00:00:00,1988416378
2022-11-17 00:00:00,2052924210
2022-11-18 00:00:00,2076864025
2022-11-19 00:00:00,2017112678
2022-11-20 00:00:00,1997453510
2022-11-21 00:00:00,1973802071
2022-11-22 00:00:00,2034873426
2022-11-23 00:00:00,2070342300
2022-11-24 00:00:00,2046945083
2022-11-25 00:00:00,2055688933
2022-11-26 00:00:00,2071097423
2022-11-27 00:00:00,2074905112
2022-11-28 00:00:00,2081464944
2022-11-29 00:00:00,2025417693
2022-11-30 00:00:00,2095082403
2022-12-01 00:00:00,2179708214
2022-12-02 00:00:00,2202689063
2022-12-03 00:00:00,2199673623
2022-12-04 00:00:00,2188058993
2022-12-05 00:00:00,2324965181
2022-12-06 00:00:00,2083235190
2022-12-07 00:00:00,1887709167
2022-12-08 00:00:00,1811874479
2022-12-09 00:00:00,1905072281
2022-12-10 00:00:00,1864835771
2022-12-11 00:00:00,1881403329
2022-12-12 00:00:00,1862996463
2022-12-13 00:00:00,1798836406
2022-12-14 00:00:00,1906102520
2022-12-15 00:00:00,1989189123
2022-12-16 00:00:00,1877842276
2022-12-17 00:00:00,1631207144
2022-12-18 00:00:00,1665923219
2022-12-19 00:00:00,1646872544
2022-12-20 00:00:00,1599446194
2022-12-21 00:00:00,1606427256
2022-12-22 00:00:00,1610995155
2022-12-23 00:00:00,1672514906
2022-12-24 00:00:00,1648975492
2022-12-25 00:00:00,1649310124
2022-12-26 00:00:00,1638714663
2022-12-27 00:00:00,1632611307
2022-12-28 00:00:00,1723189501
2022-12-29 00:00:00,1759628071
2022-12-30 00:00:00,1778384662
2022-12-31 00:00:00,1787802109
2023-01-01 00:00:00,1747894316
2023-01-02 00:00:00,1808107463
2023-01-03 00:00:00,1752504964
2023-01-04 00:00:00,1751651794
2023-01-05 00:00:00,1709950974
2023-01-06 00:00:00,1748677936
2023-01-07 00:00:00,1755481630
2023-01-08 00:00:00,1786647729
2023-01-09 00:00:00,1760705616
2023-01-10 00:00:00,1773752917
2023-01-11 00:00:00,1971033728
2023-01-12 00:00:00,1917810612
2023-01-13 00:00:00,2051853591
2023-01-14 00:00:00,2217955150
2023-01-15 00:00:00,1963839776
2023-01-16 00:00:00,1968564400
2023-01-17 00:00:00,2075795942
2023-01-18 00:00:00,2154803195
2023-01-19 00:00:00,2103442456
2023-01-20 00:00:00,2213618654
2023-01-21 00:00:00,2236154040
2023-01-22 00:00:00,2175641788
2023-01-23 00:00:00,2140721949
2023-01-24 00:00:00,2110778372
2023-01-25 00:00:00,2087913150
2023-01-26 00:00:00,1980628062
2023-01-27 00:00:00,2038895670
2023-01-28 00:00:00,2079399508
2023-01-29 00:00:00,2080703623
2023-01-30 00:00:00,2451825230
2023-01-31 00:00:00,2131580102
2023-02-01 00:00:00,2254765101
2023-02-02 00:00:00,2379524719
2023-02-03 00:00:00,2297583033
2023-02-04 00:00:00,2263788143
2023-02-05 00:00:00,2299590513
2023-02-06 00:00:00,2352402471
2023-02-07 00:00:00,2345535163
2023-02-08 00:00:00,2355952726
2023-02-09 00:00:00,2408156230
2023-02-10 00:00:00,2175238956
2023-02-11 00:00:00,2202037473
2023-02-12 00:00:00,2225929301
2023-02-13 00:00:00,2155315650
2023-02-14 00:00:00,2179925608
2023-02-15 00:00:00,2294840186
2023-02-16 00:00:00,2644695717
2023-02-17 00:00:00,2547668461
2023-02-18 00:00:00,2651856382
2023-02-19 00:00:00,2714352320
2023-02-20 00:00:00,2596523378
2023-02-21 00:00:00,2763431837
2023-02-22 00:00:00,2681197642
2023-02-23 00:00:00,2544232606
2023-02-24 00:00:00,2494916502
2023-02-25 00:00:00,2451703166
2023-02-26 00:00:00,2537478731
2023-02-27 00:00:00,2513906817
2023-02-28 00:00:00,2364852036
2023-03-01 00:00:00,2388821505
2023-03-02 00:00:00,2449612392
2023-03-03 00:00:00,2543333886
2023-03-04 00:00:00,2270385245
2023-03-05 00:00:00,2223451839
2023-03-06 00:00:00,2229491628
2023-03-07 00:00:00,2320586094
2023-03-08 00:00:00,2322083509
2023-03-09 00:00:00,2323749797
2023-03-10 00:00:00,2015513415
2023-03-11 00:00:00,1948621342
2023-03-12 00:00:00,1886063776
2023-03-13 00:00:00,1925066560
2023-03-14 00:00:00,2388831496
2023-03-15 00:00:00,2387401005
2023-03-16 00:00:00,2266059856
2023-03-17 00:00:00,2595136510
2023-03-18 00:00:00,2923394059
2023-03-19 00:00:00,2867684019
2023-03-20 00:00:00,3130600653
2023-03-21 00:00:00,3079217913
2023-03-22 00:00:00,3103553140
2023-03-23 00:00:00,2786637749
2023-03-24 00:00:00,2944600967
2023-03-25 00:00:00,2692443835
2023-03-26 00:00:00,2668679515
2023-03-27 00:00:00,2863739295
2023-03-28 00:00:00,2679881128
2023-03-29 00:00:00,2786384883
2023-03-30 00:00:00,3100715950
2023-03-31 00:00:00,2853818646
2023-04-01 00:00:00,3064894180
2023-04-02 00:00:00,3013516164
2023-04-03 00:00:00,2954748846
2023-04-04 00:00:00,2621419440
2023-04-05 00:00:00,2737123471
2023-04-06 00:00:00,2706085563
2023-04-07 00:00:00,2761273666
2023-04-08 00:00:00,2844129132
2023-04-09 00:00:00,2842953131
2023-04-10 00:00:00,2935242729
2023-04-11 00:00:00,3512807028
2023-04-12 00:00:00,3444755376
2023-04-13 00:00:00,3400539262
2023-04-14 00:00:00,3402250507
2023-04-15 00:00:00,3043995241
2023-04-16 00:00:00,3067983602
2023-04-17 00:00:00,3031322025
2023-04-18 00:00:00,2960188327
2023-04-19 00:00:00,3008582893
2023-04-20 00:00:00,2776377115
2023-04-21 00:00:00,2796757906
2023-04-22 00:00:00,2790035052
2023-04-23 00:00:00,2913024458
2023-04-24 00:00:00,2852022291
2023-04-25 00:00:00,2820502277
2023-04-26 00:00:00,2881445461
2023-04-27 00:00:00,2627379366
2023-04-28 00:00:00,2920233817
2023-04-29 00:00:00,2941302375
2023-04-30 00:00:00,2930742581
2023-05-01 00:00:00,2877233605
2023-05-02 00:00:00,2860192016
2023-05-03 00:00:00,2906113583
2023-05-04 00:00:00,2813992322
2023-05-05 00:00:00,2918885679
2023-05-06 00:00:00,3099336919
2023-05-07 00:00:00,2846167672
2023-05-08 00:00:00,2839939524
2023-05-09 00:00:00,2921956821
2023-05-10 00:00:00,2995795436
2023-05-11 00:00:00,2809808182
2023-05-12 00:00:00,2931701540
2023-05-13 00:00:00,2862956993
2023-05-14 00:00:00,2878244882
2023-05-15 00:00:00,2900658015
2023-05-16 00:00:00,2911966523
2023-05-17 00:00:00,2940333491
2023-05-18 00:00:00,2953942437
2023-05-19 00:00:00,2812192864
2023-05-20 00:00:00,2797750495
2023-05-21 00:00:00,2839159390
2023-05-22 00:00:00,2835803127
2023-05-23 00:00:00,2825837363
2023-05-24 00:00:00,2857047581
2023-05-25 00:00:00,3025337688
2023-05-26 00:00:00,2963618240
2023-05-27 00:00:00,2832319014
2023-05-28 00:00:00,2912356896
2023-05-29 00:00:00,3116887073
2023-05-30 00:00:00,3095778503
2023-05-31 00:00:00,3077368749
2023-06-01 00:00:00,3037313248
2023-06-02 00:00:00,3043555797
2023-06-03 00:00:00,3065675328
2023-06-04 00:00:00,3096657536
2023-06-05 00:00:00,2948299334
2023-06-06 00:00:00,3073789952
2023-06-07 00:00:00,2976927881
2023-06-08 00:00:00,2716432358
2023-06-09 00:00:00,2738505879
2023-06-10 00:00:00,2715565866
2023-06-11 00:00:00,2631353575
2023-06-12 00:00:00,2573557327
2023-06-13 00:00:00,2651893110
2023-06-14 00:00:00,2677045793
2023-06-15 00:00:00,2603899397
2023-06-16 00:00:00,2662857219
2023-06-17 00:00:00,2756852678
2023-06-18 00:00:00,2737946208
2023-06-19 00:00:00,2745124175
2023-06-20 00:00:00,2925702467
2023-06-21 00:00:00,3436346501
2023-06-22 00:00:00,3507955708
2023-06-23 00:00:00,3522206903
2023-06-24 00:00:00,3528000674
2023-06-25 00:00:00,3464230321
2023-06-26 00:00:00,3468368870
2023-06-27 00:00:00,3479700013
2023-06-28 00:00:00,3560615841
2023-06-29 00:00:00,3373050077
2023-06-30 00:00:00,3598797358
2023-07-01 00:00:00,3227815916
2023-07-02 00:00:00,3341121408
2023-07-03 00:00:00,3323780224
2023-07-04 00:00:00,3674533502
2023-07-05 00:00:00,3507245837
2023-07-06 00:00:00,3432733051
2023-07-07 00:00:00,3079514217
2023-07-08 00:00:00,3139731089
2023-07-09 00:00:00,3135824828
2023-07-10 00:00:00,3083573459
2023-07-11 00:00:00,3224051304
2023-07-12 00:00:00,3305710341
2023-07-13 00:00:00,3375349751
2023-07-14 00:00:00,3502418302
2023-07-15 00:00:00,3065231499
2023-07-16 00:00:00,3030985482
2023-07-17 00:00:00,3049974136
2023-07-18 00:00:00,3157413932
2023-07-19 00:00:00,3188193512
2023-07-20 00:00:00,3133255396
2023-07-21 00:00:00,3268368495
2023-07-22 00:00:00,3187460860
2023-07-23 00:00:00,3149719793
2023-07-24 00:00:00,3017606374
2023-07-25 00:00:00,3259911920
2023-07-26 00:00:00,3164433814
2023-07-27 00:00:00,3205098050
2023-07-28 00:00:00,3210369288
2023-07-29 00:00:00,3163148685
2023-07-30 00:00:00,3174004698
2023-07-31 00:00:00,3111462758
2023-08-01 00:00:00,3181563422
2023-08-02 00:00:00,3234838483
2023-08-03 00:00:00,3277298894
2023-08-04 00:00:00,3255711647
2023-08-05 00:00:00,3337671073
2023-08-06 00:00:00,3273269299
2023-08-07 00:00:00,3231286819
2023-08-08 00:00:00,3259237478
2023-08-09 00:00:00,3691869791
2023-08-10 00:00:00,3485397775
2023-08-11 00:00:00,3492294404
2023-08-12 00:00:00,3478251122
2023-08-13 00:00:00,3448025633
2023-08-14 00:00:00,3361601913
2023-08-15 00:00:00,3158595108
2023-08-16 00:00:00,3332380746
2023-08-17 00:00:00,3360656450
2023-08-18 00:00:00,2833751507
2023-08-19 00:00:00,2494215936
2023-08-20 00:00:00,2286516409
2023-08-21 00:00:00,2348547183
2023-08-22 00:00:00,2376941810
2023-08-23 00:00:00,2266730083
2023-08-24 00:00:00,2216733384
2023-08-25 00:00:00,2239777852
2023-08-26 00:00:00,2191793659
2023-08-27 00:00:00,2227439247
2023-08-28 00:00:00,2258542501
2023-08-29 00:00:00,2252090809
2023-08-30 00:00:00,2555255116
2023-08-31 00:00:00,2434826562
2023-09-01 00:00:00,2137767046
2023-09-02 00:00:00,2157874124
2023-09-03 00:00:00,2085391534
2023-09-04 00:00:00,2087664411
2023-09-05 00:00:00,2092251907
2023-09-06 00:00:00,2160722542
2023-09-07 00:00:00,2143156480
2023-09-08 00:00:00,2172356044
2023-09-09 00:00:00,2162005826
2023-09-10 00:00:00,2162012629
2023-09-11 00:00:00,2112165683
2023-09-12 00:00:00,2249154563
2023-09-13 00:00:00,2254356809
2023-09-14 00:00:00,2355808742
2023-09-15 00:00:00,2430167097
2023-09-16 00:00:00,2304299109
2023-09-17 00:00:00,2296790004
2023-09-18 00:00:00,2247584545
2023-09-19 00:00:00,2394809568
2023-09-20 00:00:00,2521649646
2023-09-21 00:00:00,2449266825
2023-09-22 00:00:00,2454921365
2023-09-23 00:00:00,2460557649
2023-09-24 00:00:00,2426886127
2023-09-25 00:00:00,2371555378
2023-09-26 00:00:00,2359200855
2023-09-27 00:00:00,2390430792
2023-09-28 00:00:00,2327375569
2023-09-29 00:00:00,2533348442
2023-09-30 00:00:00,2378304850
2023-10-01 00:00:00,2430484329
2023-10-02 00:00:00,2447801288
2023-10-03 00:00:00,2425729900
2023-10-04 00:00:00,2405497517
2023-10-05 00:00:00,2499863013
2023-10-06 00:00:00,2509972520
2023-10-07 00:00:00,2625393040
2023-10-08 00:00:00,2540009674
2023-10-09 00:00:00,2569809921
2023-10-10 00:00:00,2504838682
2023-10-11 00:00:00,2546559500
2023-10-12 00:00:00,2635607028
2023-10-13 00:00:00,2594163881
2023-10-14 00:00:00,2612369576
2023-10-15 00:00:00,2642277003
2023-10-16 00:00:00,2647841434
2023-10-17 00:00:00,2537491237
2023-10-18 00:00:00,2588674642
2023-10-19 00:00:00,2447565249
2023-10-20 00:00:00,2695169774
2023-10-21 00:00:00,2682254288
2023-10-22 00:00:00,2880755084
2023-10-23 00:00:00,2791043629
2023-10-24 00:00:00,2931442777
2023-10-25 00:00:00,2873526775
2023-10-26 00:00:00,2893783492
2023-10-27 00:00:00,2895890712
2023-10-28 00:00:00,2864710074
2023-10-29 00:00:00,2887376029
2023-10-30 00:00:00,3040234671
2023-10-31 00:00:00,2993212116
2023-11-01 00:00:00,3058822962
2023-11-02 00:00:00,3076509544
2023-11-03 00:00:00,2844157238
2023-11-04 00:00:00,2827309294
2023-11-05 00:00:00,2930176570
2023-11-06 00:00:00,3014490677
2023-11-07 00:00:00,3019474103
2023-11-08 00:00:00,3143241097
2023-11-09 00:00:00,3220714022
2023-11-10 00:00:00,2919905995
2023-11-11 00:00:00,2979251444
2023-11-12 00:00:00,2986355923
2023-11-13 00:00:00,2998402795
2023-11-14 00:00:00,2935928006
2023-11-15 00:00:00,2802715194
2023-11-16 00:00:00,3147432549
2023-11-17 00:00:00,2927122727
2023-11-18 00:00:00,2852765404
2023-11-19 00:00:00,2904854407
2023-11-20 00:00:00,3023033425
2023-11-21 00:00:00,3123840199
2023-11-22 00:00:00,2848584915
2023-11-23 00:00:00,3025284198
2023-11-24 00:00:00,3056297550
2023-11-25 00:00:00,3017886011
2023-11-26 00:00:00,3005125388
2023-11-27 00:00:00,2962339728
2023-11-28 00:00:00,2951544275
2023-11-29 00:00:00,3066908935
2023-11-30 00:00:00,3127341926
2023-12-01 00:00:00,3114737872
2023-12-02 00:00:00,3442585227
2023-12-03 00:00:00,3221314980
2023-12-04 00:00:00,3198420817
2023-12-05 00:00:00,3493651854
2023-12-06 00:00:00,3640786035
2023-12-07 00:00:00,3732881551
2023-12-08 00:00:00,3613105017
2023-12-09 00:00:00,3629778411
2023-12-10 00:00:00,3534476105
2023-12-11 00:00:00,3642374781
2023-12-12 00:00:00,3117171887
2023-12-13 00:00:00,3211212348
2023-12-14 00:00:00,3370714866
2023-12-15 00:00:00,3285545158
2023-12-16 00:00:00,3181498967
2023-12-17 00:00:00,3185589607
2023-12-18 00:00:00,3160323678
2023-12-19 00:00:00,3223999904
2023-12-20 00:00:00,3245933237
2023-12-21 00:00:00,3484161679
2023-12-22 00:00:00,3535097061
2023-12-23 00:00:00,3401948959
2023-12-24 00:00:00,3438238068
2023-12-25 00:00:00,3319672757
2023-12-26 00:00:00,3381347807
2023-12-27 00:00:00,3386284144
2023-12-28 00:00:00,3306163903
2023-12-29 00:00:00,3220576024
2023-12-30 00:00:00,3187439043
2023-12-31 00:00:00,3182416716
2024-01-01 00:00:00,3130509217
2024-01-02 00:00:00,3388089802
2024-01-03 00:00:00,3588576729
2024-01-04 00:00:00,2943064962
2024-01-05 00:00:00,3148144001
2024-01-06 00:00:00,2970406920
2024-01-07 00:00:00,3002804106
2024-01-08 00:00:00,3096919537
2024-01-09 00:00:00,3504028664
2024-01-10 00:00:00,3264728016
2024-01-11 00:00:00,3196649086
2024-01-12 00:00:00,3309491337
2024-01-13 00:00:00,3201376854
2024-01-14 00:00:00,3219850067
2024-01-15 00:00:00,3218967127
2024-01-16 00:00:00,3142438075
2024-01-17 00:00:00,3197605097
2024-01-18 00:00:00,3241413237
2024-01-19 00:00:00,3210831616
2024-01-20 00:00:00,3104076467
2024-01-21 00:00:00,3111144357
2024-01-22 00:00:00,3103848578
2024-01-23 00:00:00,3016201454
2024-01-24 00:00:00,3023246186
2024-01-25 00:00:00,3058481114
2024-01-26 00:00:00,3112004583
2024-01-27 00:00:00,3315058977
2024-01-28 00:00:00,3294869915
2024-01-29 00:00:00,3157583193
2024-01-30 00:00:00,3335147727
2024-01-31 00:00:00,3168938680
2024-02-01 00:00:00,3063398377
2024-02-02 00:00:00,3182196211
2024-02-03 00:00:00,3208494135
2024-02-04 00:00:00,3253944120
2024-02-05 00:00:00,3290073755
2024-02-06 00:00:00,3405742121
2024-02-07 00:00:00,3460043093
2024-02-08 00:00:00,3671089405
2024-02-09 00:00:00,3853271466
2024-02-10 00:00:00,3920163297
2024-02-11 00:00:00,4143297605
2024-02-12 00:00:00,4315550576
2024-02-13 00:00:00,4613332759
2024-02-14 00:00:00,4382747672
2024-02-15 00:00:00,4691159455
2024-02-16 00:00:00,4526309804
2024-02-17 00:00:00,4565707911
2024-02-18 00:00:00,4521043937
2024-02-19 00:00:00,4460313349
2024-02-20 00:00:00,4543586237
2024-02-21 00:00:00,4560380309
2024-02-22 00:00:00,4474376077
2024-02-23 00:00:00,4355505877
2024-02-24 00:00:00,4479415236
2024-02-25 00:00:00,4492541430
2024-02-26 00:00:00,4472102312
2024-02-27 00:00:00,4631013381
2024-02-28 00:00:00,4606445238
2024-02-29 00:00:00,4708340789
2024-03-01 00:00:00,4404401272
2024-03-02 00:00:00,4610901096
2024-03-03 00:00:00,4523425427
2024-03-04 00:00:00,4778669805
2024-03-05 00:00:00,5542937798
2024-03-06 00:00:00,4572299446
2024-03-07 00:00:00,4845276130
2024-03-08 00:00:00,4913882971
2024-03-09 00:00:00,5044127614
2024-03-10 00:00:00,5034906885
2024-03-11 00:00:00,5341735325
2024-03-12 00:00:00,5729869214
2024-03-13 00:00:00,5587689897
2024-03-14 00:00:00,5876230093
2024-03-15 00:00:00,6002947331
2024-03-16 00:00:00,5513402145
2024-03-17 00:00:00,5003898041
2024-03-18 00:00:00,5376449398
2024-03-19 00:00:00,5351196720
2024-03-20 00:00:00,4833066650
2024-03-21 00:00:00,5222613616
2024-03-22 00:00:00,4938523622
2024-03-23 00:00:00,4663193281
2024-03-24 00:00:00,4733972673
2024-03-25 00:00:00,5179413926
2024-03-26 00:00:00,5512180002
2024-03-27 00:00:00,5580888141
2024-03-28 00:00:00,5777147233
2024-03-29 00:00:00,5886264058
2024-03-30 00:00:00,5668569577
2024-03-31 00:00:00,5591337286
2024-04-01 00:00:00,5904518828
2024-04-02 00:00:00,5866031040
2024-04-03 00:00:00,5108747590
2024-04-04 00:00:00,5284263995
2024-04-05 00:00:00,5377920595
2024-04-06 00:00:00,5098579820
2024-04-07 00:00:00,5270377202
2024-04-08 00:00:00,5552502273
2024-04-09 00:00:00,5750968326
2024-04-10 00:00:00,5548686924
2024-04-11 00:00:00,5616503105
2024-04-12 00:00:00,5722943123
2024-04-13 00:00:00,5377976837
2024-04-14 00:00:00,4276695920
2024-04-15 00:00:00,4396749482
2024-04-16 00:00:00,4181980670
2024-04-17 00:00:00,4093420809
2024-04-18 00:00:00,4106887924
2024-04-19 00:00:00,4290473835
2024-04-20 00:00:00,4200307468
2024-04-21 00:00:00,4365329719
2024-04-22 00:00:00,4341693849
2024-04-23 00:00:00,4610631694
2024-04-24 00:00:00,4519223872
2024-04-25 00:00:00,4502561363
2024-04-26 00:00:00,4339295975
2024-04-27 00:00:00,4289655298
2024-04-28 00:00:00,4259559020
2024-04-29 00:00:00,4148763399
2024-04-30 00:00:00,4249575141
2024-05-01 00:00:00,4397700935
2024-05-02 00:00:00,3988662929
2024-05-03 00:00:00,3988560390
2024-05-04 00:00:00,4532000398
2024-05-05 00:00:00,4712529731
2024-05-06 00:00:00,4645516286
2024-05-07 00:00:00,4470503918
2024-05-08 00:00:00,4421616299
2024-05-09 00:00:00,4264602202
2024-05-10 00:00:00,4397764627
2024-05-11 00:00:00,4360678379
2024-05-12 00:00:00,4313988899
2024-05-13 00:00:00,4286984009
2024-05-14 00:00:00,4475299820
2024-05-15 00:00:00,4169688709
2024-05-16 00:00:00,4871549309
2024-05-17 00:00:00,4720317951
2024-05-18 00:00:00,4962929383
2024-05-19 00:00:00,5027551725
2024-05-20 00:00:00,4976672105
2024-05-21 00:00:00,5041322427
2024-05-22 00:00:00,5505406193
2024-05-23 00:00:00,5387489415
2024-05-24 00:00:00,4818121711
2024-05-25 00:00:00,4815669891
2024-05-26 00:00:00,5013702926
2024-05-27 00:00:00,4870696706
2024-05-28 00:00:00,4972525575
2024-05-29 00:00:00,4922011479
2024-05-30 00:00:00,5158723294
2024-05-31 00:00:00,5079119363
2024-06-01 00:00:00,5170478816
2024-06-02 00:00:00,5117028887
2024-06-03 00:00:00,5160710915
2024-06-04 00:00:00,5407566254
2024-06-05 00:00:00,5730691288
2024-06-06 00:00:00,5864104942
2024-06-07 00:00:00,5802870332
2024-06-08 00:00:00,5715145523
2024-06-09 00:00:00,5789174042
2024-06-10 00:00:00,5823581207
2024-06-11 00:00:00,5953215771
2024-06-12 00:00:00,5562534025
2024-06-13 00:00:00,5542785986
2024-06-14 00:00:00,5485414217
2024-06-15 00:00:00,5248171415
2024-06-16 00:00:00,5330430691
2024-06-17 00:00:00,5390981361
2024-06-18 00:00:00,5297370172
2024-06-19 00:00:00,5066038259
2024-06-20 00:00:00,4899469270
2024-06-21 00:00:00,4821658570
2024-06-22 00:00:00,4919506192
2024-06-23 00:00:00,5012832241
2024-06-24 00:00:00,4902502649
2024-06-25 00:00:00,4552323899
2024-06-26 00:00:00,4668963766
2024-06-27 00:00:00,4555761411
2024-06-28 00:00:00,4620349143
2024-06-29 00:00:00,4745005727
2024-06-30 00:00:00,4911814606
2024-07-01 00:00:00,5376731661
2024-07-02 00:00:00,5147505658
2024-07-03 00:00:00,5246556045
2024-07-04 00:00:00,5299061174
2024-07-05 00:00:00,5048214309
2024-07-06 00:00:00,4705450617
2024-07-07 00:00:00,4668527217
2024-07-08 00:00:00,4538628167
2024-07-09 00:00:00,4469483427
2024-07-10 00:00:00,4767037265
2024-07-11 00:00:00,4773282684
2024-07-12 00:00:00,4876372679
2024-07-13 00:00:00,4818277472
2024-07-14 00:00:00,5056221117
2024-07-15 00:00:00,5164307997
2024-07-16 00:00:00,5513786315
2024-07-17 00:00:00,5402839911
2024-07-18 00:00:00,5085997531
2024-07-19 00:00:00,5025554115
2024-07-20 00:00:00,5615056012
2024-07-21 00:00:00,5556579627
2024-07-22 00:00:00,5494033741
2024-07-23 00:00:00,5459749190
2024-07-24 00:00:00,5423561775
2024-07-25 00:00:00,5301626884
2024-07-26 00:00:00,5480432140
2024-07-27 00:00:00,5745754607
2024-07-28 00:00:00,5842596787
2024-07-29 00:00:00,5857397671
2024-07-30 00:00:00,5666013097
2024-07-31 00:00:00,5490074731
2024-08-01 00:00:00,5334001979
2024-08-02 00:00:00,5698469112
2024-08-03 00:00:00,5398058288
2024-08-04 00:00:00,5174627932
2024-08-05 00:00:00,5121160977
2024-08-06 00:00:00,4058351608
2024-08-07 00:00:00,4305603155
2024-08-08 00:00:00,4240416468
2024-08-09 00:00:00,4623009698
2024-08-10 00:00:00,4373127258
2024-08-11 00:00:00,4327889298
2024-08-12 00:00:00,4112784404
2024-08-13 00:00:00,4063195467
2024-08-14 00:00:00,4367394813
2024-08-15 00:00:00,4580478678
2024-08-16 00:00:00,4819985436
2024-08-17 00:00:00,4833786076
2024-08-18 00:00:00,4912461654
2024-08-19 00:00:00,4828722166
2024-08-20 00:00:00,4738935704
2024-08-21 00:00:00,4879709363
2024-08-22 00:00:00,5232079732
2024-08-23 00:00:00,5049655115
2024-08-24 00:00:00,5549131018
2024-08-25 00:00:00,5582105455
2024-08-26 00:00:00,5647049932
2024-08-27 00:00:00,5295397251
2024-08-28 00:00:00,4837174284
2024-08-29 00:00:00,4668252900
2024-08-30 00:00:00,4833255349
2024-08-31 00:00:00,4718133289
2024-09-01 00:00:00,4774409834
2024-09-02 00:00:00,4705300109
2024-09-03 00:00:00,4876169085
2024-09-04 00:00:00,4780758363
2024-09-05 00:00:00,4699511968
2024-09-06 00:00:00,4699973558
2024-09-07 00:00:00,4610548065
2024-09-08 00:00:00,4512427067
2024-09-09 00:00:00,4643964850
2024-09-10 00:00:00,4994415367
2024-09-11 00:00:00,4967843788
2024-09-12 00:00:00,4916149887
2024-09-13 00:00:00,4967305071
2024-09-14 00:00:00,5405428620
2024-09-15 00:00:00,5242479208
2024-09-16 00:00:00,5100885627
2024-09-17 00:00:00,4916905994
2024-09-18 00:00:00,5148464197
2024-09-19 00:00:00,5167087950
2024-09-20 00:00:00,5486218692
2024-09-21 00:00:00,5470468404
2024-09-22 00:00:00,5484498903
2024-09-23 00:00:00,5448502040
2024-09-24 00:00:00,5633685194
2024-09-25 00:00:00,5853495593
2024-09-26 00:00:00,5580526665
2024-09-27 00:00:00,5748153336
2024-09-28 00:00:00,5644186446
2024-09-29 00:00:00,5613578133
2024-09-30 00:00:00,5613396020
2024-10-01 00:00:00,5496415927
2024-10-02 00:00:00,5127204924
2024-10-03 00:00:00,5001461380
2024-10-04 00:00:00,5128362159
2024-10-05 00:00:00,5256069168
2024-10-06 00:00:00,5227816221
2024-10-07 00:00:00,5410523225
2024-10-08 00:00:00,5179037934
2024-10-09 00:00:00,5338526544
2024-10-10 00:00:00,5266781974
2024-10-11 00:00:00,5175911620
2024-10-12 00:00:00,5471417146
2024-10-13 00:00:00,5645171334
2024-10-14 00:00:00,5390075802
2024-10-15 00:00:00,5710837591
2024-10-16 00:00:00,5551023952
2024-10-17 00:00:00,5844070954
2024-10-18 00:00:00,5504778693
2024-10-19 00:00:00,5908844641
2024-10-20 00:00:00,5928642875
2024-10-21 00:00:00,5978178743
2024-10-22 00:00:00,5856805492
2024-10-23 00:00:00,5860415478
2024-10-24 00:00:00,5614572359
2024-10-25 00:00:00,5826870589
2024-10-26 00:00:00,5342249684
2024-10-27 00:00:00,5430204516
2024-10-28 00:00:00,5587236023
2024-10-29 00:00:00,6232632816
2024-10-30 00:00:00,6563514929
2024-10-31 00:00:00,6461884682
2024-11-01 00:00:00,6296753451
2024-11-02 00:00:00,5845235074
2024-11-03 00:00:00,5951294048
2024-11-04 00:00:00,5705236192
2024-11-05 00:00:00,5707830591
2024-11-06 00:00:00,5749764525
2024-11-07 00:00:00,6760192686
2024-11-08 00:00:00,6720488777
2024-11-09 00:00:00,6881368747
2024-11-10 00:00:00,6706057434
2024-11-11 00:00:00,6910683816
2024-11-12 00:00:00,7537556056
2024-11-13 00:00:00,7420453770
2024-11-14 00:00:00,7512907656
2024-11-15 00:00:00,7510137126
2024-11-16 00:00:00,7728539911
2024-11-17 00:00:00,7675657565
2024-11-18 00:00:00,7556133837
2024-11-19 00:00:00,7690627462
2024-11-20 00:00:00,7882896293
2024-11-21 00:00:00,8440978581
2024-11-22 00:00:00,8787603204
2024-11-23 00:00:00,8968764587
2024-11-24 00:00:00,8824063602
2024-11-25 00:00:00,8573344067
2024-11-26 00:00:00,8415475397
2024-11-27 00:00:00,8059897716
2024-11-28 00:00:00,8260928891
2024-11-29 00:00:00,8228415056
2024-11-30 00:00:00,8580594231
2024-12-01 00:00:00,8379762382
2024-12-02 00:00:00,8427765481
2024-12-03 00:00:00,8281499946
2024-12-04 00:00:00,8390337994
2024-12-05 00:00:00,9143903456
2024-12-06 00:00:00,8947948534
2024-12-07 00:00:00,8927811480
2024-12-08 00:00:00,8851687366
2024-12-09 00:00:00,9044245549
2024-12-10 00:00:00,8759394462
2024-12-11 00:00:00,8476108958
2024-12-12 00:00:00,9395317275
2024-12-13 00:00:00,9164293941
2024-12-14 00:00:00,9327234794
2024-12-15 00:00:00,9389099816
2024-12-16 00:00:00,10324062367
2024-12-17 00:00:00,9873453529
2024-12-18 00:00:00,9798746724
2024-12-19 00:00:00,9259749397
2024-12-20 00:00:00,8923884698
2024-12-21 00:00:00,8711665435
2024-12-22 00:00:00,8538040944
2024-12-23 00:00:00,8266079312
2024-12-24 00:00:00,8557935906
2024-12-25 00:00:00,9050199637
2024-12-26 00:00:00,9124959517
2024-12-27 00:00:00,8552826322
2024-12-28 00:00:00,8450854154
2024-12-29 00:00:00,8640139868
2024-12-30 00:00:00,8424835662
2024-12-31 00:00:00,8432652479
2025-01-01 00:00:00,8534999533
2025-01-02 00:00:00,8728721350
2025-01-03 00:00:00,8913055667
2025-01-04 00:00:00,8887001113
2025-01-05 00:00:00,8585658381
2025-01-06 00:00:00,8859126395
2025-01-07 00:00:00,9594391388
2025-01-08 00:00:00,8926770734
2025-01-09 00:00:00,8621454087
2025-01-10 00:00:00,8083568168
2025-01-11 00:00:00,8376016510
2025-01-12 00:00:00,8289889412
2025-01-13 00:00:00,8266426507
2025-01-14 00:00:00,7922251405
2025-01-15 00:00:00,8153665349
2025-01-16 00:00:00,8703102630
2025-01-17 00:00:00,8616425395
2025-01-18 00:00:00,9420958106
2025-01-19 00:00:00,9178239377
2025-01-20 00:00:00,8514957760
2025-01-21 00:00:00,8587538712
2025-01-22 00:00:00,9193131696
2025-01-23 00:00:00,8687252012
2025-01-24 00:00:00,8355238059
2025-01-25 00:00:00,8630356847
2025-01-26 00:00:00,8538478811
2025-01-27 00:00:00,8374857138
2025-01-28 00:00:00,8573019937
2025-01-29 00:00:00,8143157602
2025-01-30 00:00:00,8438837780
2025-01-31 00:00:00,8688489613
2025-02-01 00:00:00,8536853066
2025-02-02 00:00:00,8476379904
2025-02-03 00:00:00,8162590597
2025-02-04 00:00:00,7930460219
2025-02-05 00:00:00,7316394353
2025-02-06 00:00:00,7379356962
2025-02-07 00:00:00,7259457028
2025-02-08 00:00:00,7329838750
2025-02-09 00:00:00,7351484739
2025-02-10 00:00:00,7182502175
2025-02-11 00:00:00,7399869558
2025-02-12 00:00:00,7576319505
2025-02-13 00:00:00,7666933517
2025-02-14 00:00:00,7576350045
2025-02-15 00:00:00,7501470242
2025-02-16 00:00:00,7498647106
2025-02-17 00:00:00,7315171194
2025-02-18 00:00:00,7369358115
2025-02-19 00:00:00,7840076395
2025-02-20 00:00:00,7506301101
2025-02-21 00:00:00,8096550252
2025-02-22 00:00:00,7814287311
2025-02-23 00:00:00,7687611143
2025-02-24 00:00:00,7737751347
2025-02-25 00:00:00,8255084417
2025-02-26 00:00:00,7553633846
2025-02-27 00:00:00,6927335365
2025-02-28 00:00:00,6991385219
2025-03-01 00:00:00,6661811142
2025-03-02 00:00:00,6750331536
2025-03-03 00:00:00,7447068893
2025-03-04 00:00:00,6134507510
2025-03-05 00:00:00,5906389821
2025-03-06 00:00:00,6322424812
2025-03-07 00:00:00,6179785093
2025-03-08 00:00:00,5995485224
2025-03-09 00:00:00,5898080379
2025-03-10 00:00:00,5652933591
2025-03-11 00:00:00,5469607904
2025-03-12 00:00:00,5800085200
2025-03-13 00:00:00,5767606735
2025-03-14 00:00:00,5839030498
2025-03-15 00:00:00,6124357461
2025-03-16 00:00:00,5953510252
2025-03-17 00:00:00,5656118158
2025-03-18 00:00:00,5972266020
2025-03-19 00:00:00,5825602284
2025-03-20 00:00:00,6611842545
2025-03-21 00:00:00,5954313290
2025-03-22 00:00:00,5944265988
2025-03-23 00:00:00,5876917932
2025-03-24 00:00:00,6267592236
2025-03-25 00:00:00,6751667895
2025-03-26 00:00:00,6554757524
2025-03-27 00:00:00,6121103719
2025-03-28 00:00:00,6167048650
2025-03-29 00:00:00,6231828129
2025-03-30 00:00:00,5868502471
2025-03-31 00:00:00,5757758152
2025-04-01 00:00:00,5680488279
2025-04-02 00:00:00,6089231603
2025-04-03 00:00:00,5762150398
2025-04-04 00:00:00,5950756575
2025-04-05 00:00:00,6107814798
2025-04-06 00:00:00,5911213774
2025-04-07 00:00:00,5731436034
2025-04-08 00:00:00,5606359075
2025-04-09 00:00:00,5595322681
2025-04-10 00:00:00,6162676063
2025-04-11 00:00:00,5851537825
2025-04-12 00:00:00,6519570992
2025-04-13 00:00:00,6898980124
2025-04-14 00:00:00,6489472523
2025-04-15 00:00:00,6410420445
2025-04-16 00:00:00,6473056320
2025-04-17 00:00:00,6410246733
2025-04-18 00:00:00,6620903064
2025-04-19 00:00:00,6448449459
2025-04-20 00:00:00,6730439300
2025-04-21 00:00:00,6587523967
2025-04-22 00:00:00,7175409145
2025-04-23 00:00:00,7895168264
2025-04-24 00:00:00,7641278711
2025-04-25 00:00:00,7781189574
2025-04-26 00:00:00,8132400956
2025-04-27 00:00:00,7935928615
2025-04-28 00:00:00,7882093230
2025-04-29 00:00:00,7776465824
2025-04-30 00:00:00,7718126182
2025-05-01 00:00:00,7534044464
2025-05-02 00:00:00,8290724588
2025-05-03 00:00:00,8346105097
2025-05-04 00:00:00,8020495004
2025-05-05 00:00:00,7706120691
2025-05-06 00:00:00,7612431350
2025-05-07 00:00:00,7988456061
2025-05-08 00:00:00,7898845960
2025-05-09 00:00:00,8207927808
2025-05-10 00:00:00,8077252469
2025-05-11 00:00:00,8377772124
2025-05-12 00:00:00,8463212801
2025-05-13 00:00:00,8385378345
2025-05-14 00:00:00,8562726846
2025-05-15 00:00:00,8300010758
2025-05-16 00:00:00,8248974138
2025-05-17 00:00:00,8300161166
2025-05-18 00:00:00,8099788543
2025-05-19 00:00:00,8616859774
2025-05-20 00:00:00,8689836361
2025-05-21 00:00:00,8951057745
2025-05-22 00:00:00,9534142742
2025-05-23 00:00:00,9829465278
2025-05-24 00:00:00,9015465357
2025-05-25 00:00:00,9291630503
2025-05-26 00:00:00,9583456729
2025-05-27 00:00:00,9863222236
2025-05-28 00:00:00,9452381631
2025-05-29 00:00:00,9395605550
2025-05-30 00:00:00,9039688908
2025-05-31 00:00:00,8565584884
2025-06-01 00:00:00,8734637871
2025-06-02 00:00:00,8743684151
2025-06-03 00:00:00,8675479705
2025-06-04 00:00:00,8688092912
2025-06-05 00:00:00,8453893405
2025-06-06 00:00:00,8344779915
2025-06-07 00:00:00,8819234807
2025-06-08 00:00:00,8778656988
2025-06-09 00:00:00,8719301439
2025-06-10 00:00:00,9524358651
2025-06-11 00:00:00,9313965874
2025-06-12 00:00:00,8936030454
2025-06-13 00:00:00,8390935534
2025-06-14 00:00:00,8322860830
2025-06-15 00:00:00,8239832578
2025-06-16 00:00:00,8297975049
2025-06-17 00:00:00,8320219064
2025-06-18 00:00:00,8000078308
2025-06-19 00:00:00,8018512848
2025-06-20 00:00:00,8137560375
2025-06-21 00:00:00,8001950424
2025-06-22 00:00:00,7701234061
2025-06-23 00:00:00,7939315391
2025-06-24 00:00:00,7644900072
2025-06-25 00:00:00,7999175516
2025-06-26 00:00:00,8220236988
2025-06-27 00:00:00,8307570873
2025-06-28 00:00:00,8059810015
2025-06-29 00:00:00,8099035284
2025-06-30 00:00:00,8438911595
2025-07-01 00:00:00,8184042317
2025-07-02 00:00:00,7855911531
2025-07-03 00:00:00,8851959755
2025-07-04 00:00:00,9084943292
2025-07-05 00:00:00,8581475899
2025-07-06 00:00:00,8575738652
2025-07-07 00:00:00,8506843211
2025-07-08 00:00:00,8465171758
2025-07-09 00:00:00,8502806936
2025-07-10 00:00:00,9524716012
2025-07-11 00:00:00,9869533875
2025-07-12 00:00:00,10316379295
2025-07-13 00:00:00,10333374615
2025-07-14 00:00:00,10644064456
2025-07-15 00:00:00,11150695129
2025-07-16 00:00:00,10563038098
2025-07-17 00:00:00,10623320812
2025-07-18 00:00:00,10678969048
2025-07-19 00:00:00,10533659798
2025-07-20 00:00:00,10331175368
2025-07-21 00:00:00,10467281532
2025-07-22 00:00:00,10595180579
2025-07-23 00:00:00,10808850946
2025-07-24 00:00:00,10348523680
2025-07-25 00:00:00,10597392128
2025-07-26 00:00:00,10760273546
2025-07-27 00:00:00,10524233228
2025-07-28 00:00:00,10793675977
2025-07-29 00:00:00,10837029616
2025-07-30 00:00:00,10724809107
2025-07-31 00:00:00,10773470613
2025-08-01 00:00:00,10440646297
2025-08-02 00:00:00,10078943751
2025-08-03 00:00:00,9645095317
2025-08-04 00:00:00,9726212367
2025-08-05 00:00:00,9753965903
2025-08-06 00:00:00,9564576206
2025-08-07 00:00:00,9627461853
2025-08-08 00:00:00,9743204782
2025-08-09 00:00:00,9589860168
2025-08-10 00:00:00,9779690525
2025-08-11 00:00:00,10370369096
2025-08-12 00:00:00,10643908097
2025-08-13 00:00:00,10682347532
2025-08-14 00:00:00,11499139936
2025-08-15 00:00:00,10869254135
2025-08-16 00:00:00,10439643493
2025-08-17 00:00:00,10626036578
2025-08-18 00:00:00,10509983041
2025-08-19 00:00:00,10163740979
2025-08-20 00:00:00,9912847826
2025-08-21 00:00:00,9822069681
2025-08-22 00:00:00,10081520322
2025-08-23 00:00:00,10354300101
2025-08-24 00:00:00,10585407377
2025-08-25 00:00:00,10633734220
2025-08-26 00:00:00,9919096345
2025-08-27 00:00:00,9969744449
2025-08-28 00:00:00,9800233869
2025-08-29 00:00:00,9900909042
2025-08-30 00:00:00,9657116516
2025-08-31 00:00:00,9739060586
2025-09-01 00:00:00,9720360572
2025-09-02 00:00:00,9656763585
2025-09-03 00:00:00,9925436541
2025-09-04 00:00:00,10083233469
2025-09-05 00:00:00,9748269825
2025-09-06 00:00:00,9651493263
2025-09-07 00:00:00,9580403332
2025-09-08 00:00:00,9873540987
2025-09-09 00:00:00,10221302087
2025-09-10 00:00:00,10273457620
2025-09-11 00:00:00,10683487038
2025-09-12 00:00:00,10693373244
2025-09-13 00:00:00,10633955579
2025-09-14 00:00:00,10336500534
2025-09-15 00:00:00,10111082281
2025-09-16 00:00:00,10186732949
2025-09-17 00:00:00,10593205111
2025-09-18 00:00:00,10176575711
2025-09-19 00:00:00,10657613906
2025-09-20 00:00:00,10415883208
2025-09-21 00:00:00,10308459347
2025-09-22 00:00:00,10213864436
2025-09-23 00:00:00,9809149726
2025-09-24 00:00:00,9878670863
2025-09-25 00:00:00,10096260260
2025-09-26 00:00:00,9240191391
2025-09-27 00:00:00,9306246487
2025-09-28 00:00:00,9264862184
2025-09-29 00:00:00,9652398091
2025-09-30 00:00:00,10156291493
2025-10-01 00:00:00,10090779450
2025-10-02 00:00:00,10843363945
2025-10-03 00:00:00,11285920658
2025-10-04 00:00:00,11710124287
2025-10-05 00:00:00,11795312837
2025-10-06 00:00:00,12254620108
2025-10-07 00:00:00,12484283092
2025-10-08 00:00:00,11298881267
2025-10-09 00:00:00,11368606894
2025-10-10 00:00:00,11759848985
2025-10-11 00:00:00,8163386438
2025-10-12 00:00:00,8219502103
2025-10-13 00:00:00,8722055690
2025-10-14 00:00:00,8824429540
2025-10-15 00:00:00,8956372847
2025-10-16 00:00:00,8650362584
2025-10-17 00:00:00,8623677064
2025-10-18 00:00:00,8407126577
2025-10-19 00:00:00,8807685745
2025-10-20 00:00:00,8772115506
2025-10-21 00:00:00,9261153702
2025-10-22 00:00:00,8976103419
2025-10-23 00:00:00,8168358258
2025-10-24 00:00:00,8425062007
2025-10-25 00:00:00,8629216674
2025-10-26 00:00:00,8849271303
2025-10-27 00:00:00,9359718875
2025-10-28 00:00:00,8898605525
2025-10-29 00:00:00,8555231105
2025-10-30 00:00:00,8613437708
2025-10-31 00:00:00,8433000179
2025-11-01 00:00:00,8584261668
2025-11-02 00:00:00,8438016378
2025-11-03 00:00:00,8399521443
2025-11-04 00:00:00,8247943661
2025-11-05 00:00:00,8216580261
2025-11-06 00:00:00,8710916384
2025-11-07 00:00:00,8336258817
2025-11-08 00:00:00,8969405912
2025-11-09 00:00:00,8618587312
2025-11-10 00:00:00,8948298699
2025-11-11 00:00:00,9202355842
2025-11-12 00:00:00,8821059996
2025-11-13 00:00:00,8735815185
2025-11-14 00:00:00,9128505111
2025-11-15 00:00:00,8827757798
2025-11-16 00:00:00,9255636163
2025-11-17 00:00:00,9297882344
2025-11-18 00:00:00,9337315166
2025-11-19 00:00:00,9287105334
2025-11-20 00:00:00,9225701836
2025-11-21 00:00:00,9096076703
2025-11-22 00:00:00,8372951811
2025-11-23 00:00:00,8372287291
2025-11-24 00:00:00,8386330757
2025-11-25 00:00:00,8224430139
2025-11-26 00:00:00,7861407990
2025-11-27 00:00:00,8048380950
2025-11-28 00:00:00,8234880801
2025-11-29 00:00:00,8110188967
2025-11-30 00:00:00,8031174834
2025-12-01 00:00:00,8183025739
2025-12-02 00:00:00,7622155892
2025-12-03 00:00:00,8110986811
2025-12-04 00:00:00,8246968736
2025-12-05 00:00:00,8214306092
2025-12-06 00:00:00,7741801368
2025-12-07 00:00:00,7814615521
2025-12-08 00:00:00,7873631657
2025-12-09 00:00:00,7885627954
2025-12-10 00:00:00,8206550530
2025-12-11 00:00:00,7861383694
2025-12-12 00:00:00,8052374549
2025-12-13 00:00:00,7895155326
2025-12-14 00:00:00,7914898143
2025-12-15 00:00:00,7801596820
2025-12-16 00:00:00,7902124670
2025-12-17 00:00:00,7780804277
2025-12-18 00:00:00,7599854071
2025-12-19 00:00:00,7674320815
2025-12-20 00:00:00,8087732826
2025-12-21 00:00:00,8057069017
2025-12-22 00:00:00,7963608210
2025-12-23 00:00:00,8070043769
2025-12-24 00:00:00,8319218975
2025-12-25 00:00:00,8114624265
2025-12-26 00:00:00,8125498466
2025-12-27 00:00:00,8075982168
2025-12-28 00:00:00,8038089470
2025-12-29 00:00:00,8180850290
2025-12-30 00:00:00,8276120534
2025-12-31 00:00:00,8377252855
2026-01-01 00:00:00,8252642462
2026-01-02 00:00:00,8341662806
2026-01-03 00:00:00,8701336420
2026-01-04 00:00:00,8798578845
2026-01-05 00:00:00,8940308810
2026-01-06 00:00:00,9057847645
2026-01-07 00:00:00,8712073873
2026-01-08 00:00:00,8760442870
2026-01-09 00:00:00,8875919878
2026-01-10 00:00:00,8695537175
2026-01-11 00:00:00,8682265906
2026-01-12 00:00:00,8779092786
2026-01-13 00:00:00,8523117550
2026-01-14 00:00:00,9074054325
2026-01-15 00:00:00,9338724084
2026-01-16 00:00:00,9230232715
2026-01-17 00:00:00,9097466912
2026-01-18 00:00:00,9126076632
2026-01-19 00:00:00,8964467547
2026-01-20 00:00:00,8704286692
2026-01-21 00:00:00,8740632210
2026-01-22 00:00:00,8858738425
2026-01-23 00:00:00,8919358510
2026-01-24 00:00:00,8802364485
2026-01-25 00:00:00,8880854537
2026-01-26 00:00:00,8850560468
2026-01-27 00:00:00,8910168006
2026-01-28 00:00:00,9088864609
2026-01-29 00:00:00,9063199009
2026-01-30 00:00:00,9016309646
2026-01-31 00:00:00,8603242605
2026-02-01 00:00:00,7366960190
2026-02-02 00:00:00,6885700484
2026-02-03 00:00:00,6995459342
2026-02-04 00:00:00,6739385229
2026-02-05 00:00:00,6862256624
2026-02-06 00:00:00,5829428132
2026-02-07 00:00:00,6004284917
2026-02-08 00:00:00,5637536783
2026-02-09 00:00:00,5660990091
2026-02-10 00:00:00,5523382828
2026-02-11 00:00:00,5451061465
2026-02-12 00:00:00,5425459282
2026-02-13 00:00:00,5284164115
2026-02-14 00:00:00,5454552966
2026-02-15 00:00:00,5428237371
2026-02-16 00:00:00,5305065129
2026-02-17 00:00:00,5215150145
2026-02-18 00:00:00,5334891021
2026-02-19 00:00:00,5327328072
2026-02-20 00:00:00,5408052757
2026-02-21 00:00:00,5451777729
2026-02-22 00:00:00,5494834262
2026-02-23 00:00:00,5316025520
2026-02-24 00:00:00,5145456563
2026-02-25 00:00:00,5109162151
2026-02-26 00:00:00,5442904793
2026-02-27 00:00:00,5332827208
2026-02-28 00:00:00,5212777406
2026-03-01 00:00:00,5162346992
2026-03-02 00:00:00,5116675780
2026-03-03 00:00:00,5656152166
2026-03-04 00:00:00,5404458621
2026-03-05 00:00:00,6649390277
2026-03-06 00:00:00,5911610776
2026-03-07 00:00:00,5674658328
2026-03-08 00:00:00,5630158521
2026-03-09 00:00:00,5413149775
2026-03-10 00:00:00,5581259214
2026-03-11 00:00:00,5633282418
2026-03-12 00:00:00,5797744016
2026-03-13 00:00:00,5939619047
2026-03-14 00:00:00,5895135340
2026-03-15 00:00:00,5942557560
2026-03-16 00:00:00,6047534503
2026-03-17 00:00:00,6613534474
2026-03-18 00:00:00,6885607252
2026-03-19 00:00:00,6118638291
2026-03-20 00:00:00,6070457417
2026-03-21 00:00:00,6115796669
2026-03-22 00:00:00,5947436543
2026-03-23 00:00:00,5879288771
2026-03-24 00:00:00,6054149419
2026-03-25 00:00:00,6076058937
2026-03-26 00:00:00,6153553202
2026-03-27 00:00:00,6012395398
2026-03-28 00:00:00,6316252791
2026-03-29 00:00:00,6224639421
2026-03-30 00:00:00,6216123528
2026-03-31 00:00:00,6001407252
2026-04-01 00:00:00,6087547263
2026-04-02 00:00:00,6071615476
2026-04-03 00:00:00,6026372405
2026-04-03 16:00:00,6048157640
2026-04-04 00:00:00,6041778142
2026-04-05 00:00:00,6148517766
2026-04-05 16:00:00,6037966551
2026-04-06 00:00:00,6278562851
2026-04-06 16:00:00,6576288046
2026-04-07 00:00:00,6303044224
2026-04-07 16:00:00,6090984750
2026-04-08 00:00:00,6327488493
2026-04-08 16:00:00,6576756024
2026-04-09 00:00:00,6465483376
2026-04-09 16:00:00,6649093811
2026-04-10 00:00:00,6671618264
2026-04-10 16:00:00,7015646282
2026-04-11 00:00:00,7081940365
2026-04-11 16:00:00,7104854053
2026-04-12 00:00:00,7207496862
2026-04-12 16:00:00,6518797467
2026-04-13 00:00:00,6418257732
2026-04-13 16:00:00,6721685031
2026-04-14 00:00:00,6964885582
2026-04-14 16:00:00,7577813944
2026-04-15 00:00:00,7374038600
2026-04-15 16:00:00,7194597449
2026-04-16 00:00:00,7336610160
2026-04-16 16:00:00,7285487500
2026-04-17 00:00:00,7355635335
2026-04-18 00:00:00,8232067601
2026-04-19 00:00:00,7433594778
2026-04-20 00:00:00,7056902677
2026-04-21 00:00:00,7067681575
2026-04-22 00:00:00,7234835121
2026-04-23 00:00:00,8115947428
2026-04-24 00:00:00,7755183188
2026-04-25 00:00:00,7443503394
2026-04-26 00:00:00,7440275794
2026-04-27 00:00:00,7562731901
2026-04-28 00:00:00,7544624521
2026-04-29 00:00:00,7449466928
2026-04-30 00:00:00,7233686630
2026-05-01 00:00:00,7272057026
2026-05-02 00:00:00,8121005102
2026-05-03 00:00:00,8029452603
2026-05-04 00:00:00,8118478939
2026-05-05 00:00:00,8671970545
2026-05-06 00:00:00,9157500207
2026-05-07 00:00:00,8658416411
2026-05-08 00:00:00,8308988068
2026-05-09 00:00:00,8082847723
2026-05-10 00:00:00,8081433851
2026-05-11 00:00:00,8255180621
2026-05-12 00:00:00,8212706848
2026-05-13 00:00:00,8487690405
2026-05-14 00:00:00,8268722855
2026-05-15 00:00:00,8952103693
2026-05-16 00:00:00,8054715640
2026-05-17 00:00:00,7957431118
2026-05-18 00:00:00,7810119726
